dataset,arm,n,seed,error,n_train,pr_auc,roc_auc,log_loss,ece,seconds
telco,tabpfn,50,0,,50,0.4934494400192502,0.7432378381080945,0.5210814085832937,0.06044253493100406,9.759948540944606
telco,tabpfn_ordinal,50,0,,50,0.5074257302094661,0.7492003604947958,0.5134705033283267,0.058730536185205004,5.783659999957308
telco,xgb,50,0,,50,0.5237092675843888,0.7297981254783414,0.7091088138290039,0.1594804564603037,0.07650629198178649
telco,xgb_optuna,50,0,,50,0.5739237966997639,0.7684917036199472,0.4801526408424591,0.015416160067543391,10.233313957927749
telco,logreg,50,0,,50,0.41766878048687034,0.7005636897642297,0.5697706513383186,0.08825349504380896,0.018694124883040786
telco,tabpfn,200,0,,200,0.6211209662015538,0.8178443641920469,0.44411246584928143,0.026594793472904724,5.54336787504144
telco,tabpfn_ordinal,200,0,,200,0.6206897158721676,0.8185648409887198,0.44380476830185506,0.019905918604694303,3.5675914159510285
telco,xgb,200,0,,200,0.543006180651519,0.7554276132347229,0.7181843914733889,0.15393236094385426,0.11692116712220013
telco,xgb_optuna,200,0,,200,0.5879620143784663,0.7947666719228141,0.4788613529359324,0.053989527365192774,10.772247792221606
telco,logreg,200,0,,200,0.5356240990052128,0.7907790507910502,0.4806680719980899,0.05170563843002975,0.01028562500141561
telco,tabpfn,1000,0,,1000,0.6646749416992763,0.8490569061290525,0.41188426019873536,0.01516818961431273,3.778147374978289
telco,tabpfn_ordinal,1000,0,,1000,0.6656537365689708,0.8493184315143217,0.4116129584778282,0.01722664026566781,11.089883875101805
telco,xgb,1000,0,,1000,0.5756081786772123,0.8086070055471585,0.5861428896525694,0.11888415930741394,0.16178041603416204
telco,xgb_optuna,1000,0,,1000,0.6522621741022597,0.8466339503537644,0.41608859751702676,0.02136869426444173,10.365949666826054
telco,logreg,1000,0,,1000,0.6451054298516662,0.8447468652208414,0.41764379694450177,0.01610878093234196,0.021222291979938745
telco,tabpfn,50,1,,50,0.6218716386298782,0.8246715869334738,0.44091445983875793,0.0234956106794998,5.850998208858073
telco,tabpfn_ordinal,50,1,,50,0.6345422576225326,0.828235511301358,0.43581074781286966,0.024650606064591553,3.3694686249364167
telco,xgb,50,1,,50,0.6085530597476859,0.8080551100650096,0.5522368709690623,0.1054845543894335,0.0937847918830812
telco,xgb_optuna,50,1,,50,0.6021940602508016,0.7966922166712177,0.4808479800207321,0.05504124550626146,10.130315583897755
telco,logreg,50,1,,50,0.6246700928838144,0.8190910967272148,0.48323219192083844,0.06741728739964938,0.00917833298444748
telco,tabpfn,200,1,,200,0.639618162998075,0.8248523471262335,0.4406362144374352,0.032902851830702275,5.727716749999672
telco,tabpfn_ordinal,200,1,,200,0.643849390070631,0.8294598090608292,0.435372609064559,0.031389103323686864,3.439917917130515
telco,xgb,200,1,,200,0.5343874235941855,0.7696294672445864,0.7599987029178922,0.1698294806476042,0.14257266698405147
telco,xgb_optuna,200,1,,200,0.620241267210934,0.8200948926912628,0.44513471031143526,0.02654968981631099,10.688501375028864
telco,logreg,200,1,,200,0.5909082577598508,0.8145426062030232,0.45694692986252994,0.0342588433285508,0.01042516715824604
telco,tabpfn,1000,1,,1000,0.6818806417432668,0.8453449122415673,0.4184564211172184,0.036168118423200224,3.825179874897003
telco,tabpfn_ordinal,1000,1,,1000,0.6858050725172934,0.8471896917974614,0.41649810376937557,0.03646506554051302,3.74519508308731
telco,xgb,1000,1,,1000,0.5575782446658335,0.7962723658688861,0.6196615417485125,0.13577624796350551,0.16667370800860226
telco,xgb_optuna,1000,1,,1000,0.6673597521560832,0.8416015096681062,0.4219074267853724,0.02339445707760751,10.26193133299239
telco,logreg,1000,1,,1000,0.6509216964575264,0.8335416562505207,0.4320284681739772,0.025789858104159187,0.015662041027098894
